name,releases,stars,idade
JavaGuide,0,151777,7.36
hello-algo,9,116843,2.87
GitHub-Chinese-Top-Charts,0,102296,6.04
java-design-patterns,0,92696,11.11
mall,3,81597,7.46
spring-boot,320,78402,12.91
advanced-java,1,78247,6.95
LeetCodeAnimation,0,76451,6.78
elasticsearch,208,73815,15.61
Stirling-PDF,138,67467,2.64
interviews,0,64467,8.59
Java,0,63397,9.17
ghidra,46,60574,6.55
spring-framework,343,58848,14.78
guava,57,51119,11.3
RxJava,241,48338,12.69
jadx,32,45517,12.5
dbeaver,231,45434,9.91
termux-app,95,45128,9.9
JeecgBoot,63,43891,6.81
dubbo,111,41368,13.25
MPAndroidChart,44,38105,11.4
tutorials,0,37261,12.39
halo,227,36928,7.49
arthas,59,36722,7.05
hello-algorithm,0,35782,5.3
lottie-android,60,35474,8.95
NewPipe,137,35097,10.04
leetcode,21,34954,7.0
glide,54,34950,12.19
netty,0,34438,14.86
spring-boot-demo,0,33911,7.85
AndroidUtilCode,117,33644,9.13
easyexcel,14,33626,7.61
zxing,31,33592,13.93
ruoyi-vue-pro,46,33267,4.65
selenium,108,33229,12.67
nacos,85,32054,7.26
WxJava,30,31924,9.7
kafka,0,30921,14.09
spring-boot-examples,0,30608,8.87
hutool,153,30077,11.43
apollo,41,29656,9.54
keycloak,88,29625,12.21
canal,32,29373,12.68
xxl-job,39,29323,9.8
conductor,26,29182,1.78
SpringAll,0,28961,7.38
spring-cloud-alibaba,48,28762,7.79
druid,51,28194,13.87
vhr,0,27946,7.7
Telegram,95,27542,11.9
JCSprout,0,27068,7.75
miaosha,0,26512,7.01
awesome-system-design-resources,0,26035,1.9
incubator-seata,44,25806,6.72
fastjson,84,25750,13.87
butterknife,0,25482,12.54
toBeTopJavaer,0,25469,6.9
flink,0,25274,11.28
SmartRefreshLayout,14,25154,8.29
proxyee-down,49,24869,7.9
openapi-generator,73,24849,7.35
Mindustry,168,24817,8.39
EventBus,7,24764,13.17
bazel,212,24566,11.27
skywalking,62,24524,9.86
SmartTube,917,24506,5.14
jenkins,445,24441,14.82
Hystrix,79,24400,12.83
libgdx,14,24351,13.1
Chat2DB,43,24264,2.25
gson,12,24051,10.5
redisson,173,24033,11.68
source-code-hunter,0,22965,5.89
Apktool,27,22913,13.5
Sentinel,25,22906,7.46
FizzBuzzEnterpriseEdition,0,22783,12.82
rocketmq,22,22097,8.8
dataease,98,21887,4.62
ExoPlayer,28,21876,11.26
eladmin,1,21790,6.76
jdk,0,21717,7.0
LSPosed,39,21576,4.76
kestra,311,21183,6.07
GSYVideoPlayer,53,21105,8.84
graal,32,21092,9.68
HikariCP,0,20718,11.94
DSA-Bootcamp-Java,0,20667,4.13
shardingsphere,58,20452,9.66
DoKit,14,20388,7.09
mybatis-3,46,20231,12.59
RxAndroid,20,20082,11.08
litemall,8,19922,7.49
SpringBoot-Labs,0,19862,7.01
Ehviewer_CN_SXJ,107,19727,4.85
thingsboard,70,19718,8.79
cat,3,18936,12.79
PhotoView,5,18871,13.17
intellij-community,4,18785,13.97
antlr4,31,18348,15.62
Algorithms,0,18225,8.5
APIJSON,110,18197,8.82
ip2region,3,18164,9.88
Sa-Token,38,18160,5.62
awesome-low-level-design,0,18027,1.83
disruptor,14,17987,12.99
SpringCloudLearning,0,17974,8.44
yudao-cloud,32,17862,6.38
tinker,60,17554,9.03
zipkin,97,17307,13.28
analysis-ik,1,17217,13.75
JustAuth,46,17193,6.63
fresco,55,17137,10.55
mybatis-plus,38,17106,9.08
caffeine,71,17038,10.76
material-components-android,112,16953,8.78
Android-Universal-Image-Loader,0,16932,13.81
DataX,7,16812,7.66
java8-tutorial,0,16778,11.51
zheng,0,16729,8.95
Grasscutter,20,16664,3.42
BigData-Notes,0,16653,6.53
springboot-learning-example,0,16558,8.61
tech-interview-for-developer,0,16545,6.28
presto,12,16502,13.11
questdb,93,16131,11.39
VirtualXposed,50,15827,7.79
SpringBoot-Learning,0,15789,9.07
Android-CleanArchitecture,0,15565,11.08
mockito,222,15277,12.93
hadoop,0,15263,11.06
bytecode-viewer,61,15215,10.93
neo4j,72,15077,12.85
quarkus,416,14973,7.2
flink-learning,0,14930,6.71
pulsar,112,14854,9.22
jd-gui,18,14746,10.48
logstash,208,14636,14.83
vert.x,0,14566,14.25
CircleImageView,0,14532,11.67
supertokens-core,91,14517,5.7
QMUI_Android,35,14515,8.41
ARouter,16,14492,8.76
Arduino,37,14427,15.0
doris,74,14279,8.1
onedev,430,14261,6.87
zaproxy,16,14107,10.29
deeplearning4j,0,14099,11.81
jib,168,14021,7.65
zuul,29,13892,12.51
logger,16,13888,10.5
dolphinscheduler,53,13834,6.55
druid,68,13829,12.9
spring-analysis,0,13726,9.02
pinpoint,61,13714,10.91
Java,0,13711,9.81
piggymetrics,2,13701,10.47
AndroidAutoSize,14,13694,7.09
Luban,6,13677,9.15
Material-Animations,0,13660,10.53
cryptomator,193,13641,11.62
mit-deep-learning-book-pdf,3,13595,8.45
languagetool,0,13575,12.11
tink,21,13554,11.28
PictureSelector,116,13541,8.7
Android-PickerView,0,13480,10.72
kkFileView,16,13320,7.76
lombok,0,13278,16.28
mall-learning,0,13256,6.43
awesome-leetcode-resources,0,13196,1.9
banner,0,13033,9.4
dex2jar,8,12908,10.51
conductor,319,12777,8.78
stetho,13,12710,10.65
spring-boot-admin,139,12688,11.15
guice,19,12677,11.31
COLA,11,12657,7.61
greenDAO,8,12626,13.91
eureka,151,12623,13.14
mall-swarm,3,12611,5.81
zookeeper,0,12598,16.48
Matisse,15,12566,8.43
metersphere,179,12473,5.62
AndroidViewAnimations,9,12472,11.24
AndroidSwipeLayout,18,12407,11.06
Mybatis-PageHelper,15,12340,11.27
jedis,114,12154,15.27
android-interview-questions,0,12084,8.19
plantuml,60,12082,14.87
uCrop,20,12043,9.7
matrix,16,11904,6.77
trino,0,11882,6.66
VasSonic,10,11871,8.13
xManager,51,11856,4.61
debezium,0,11844,9.65
grpc-java,180,11842,10.78
fullstack-tutorial,0,11682,7.43
xpipe,122,11633,2.64
webmagic,33,11627,12.4
OpenSearch,59,11561,4.63
OpenRefine,72,11514,12.93
realm-java,0,11484,13.41
CtCI-6th-Edition,0,11462,10.21
ImmersionBar,0,11449,8.41
Paper,0,11415,9.65
newbee-mall,0,11394,5.99
kafka-ui,25,11298,5.81
jsoup,20,11243,15.75
PermissionsDispatcher,40,11229,10.09
interview,0,11213,11.16
cas,303,11196,14.03
lawnchair,30,11135,8.54
Aegis,72,11130,9.09
FlycoTabLayout,4,11121,9.86
FileDownloader,65,11113,9.74
SmarterStreaming,0,11113,9.48
SlidingMenu,0,11045,13.22
datahub,104,11044,9.83
androidannotations,0,11036,13.7
jvm,0,10971,7.24
GmsCore,41,10935,11.4
spider-flow,2,10915,5.48
javapoet,0,10870,12.62
pkl,16,10852,1.66
jjwt,9,10847,11.01
vlayout,34,10773,8.55
platform_frameworks_base,0,10768,16.91
VirtualApp,0,10755,9.2
Java-WebSocket,19,10737,15.66
clojure,0,10717,15.22
starrocks,154,10672,4.04
android-async-http,3,10631,14.57
okhttp-OkGo,14,10603,9.67
auto,66,10523,12.32
JiaoZiVideoPlayer,78,10492,9.61
RxPermissions,11,10482,9.97
Activiti,1000,10425,13.01
zfile,67,10391,6.08
resilience4j,35,10363,10.29
MVPArms,25,10286,9.11
aws-doc-sdk-examples,0,10207,9.08
ViewPagerIndicator,0,10104,14.12
Signal-Server,0,10075,11.77
CoreNLP,19,9967,12.22
glide-transformations,0,9927,10.69
easypermissions,12,9914,9.74
paascloud-master,0,9899,7.5
JsBridge,0,9889,10.56
sonarqube,65,9885,14.7
MagicIndicator,12,9802,9.23
AVLoadingIndicatorView,1,9770,9.9
feign,39,9737,12.23
Fragmentation,30,9724,9.57
spring-reading,0,9707,2.01
spring-boot-api-project-seed,4,9687,8.24
spark,0,9660,14.37
Android-ObservableScrollView,0,9650,10.86
react-native-camera,144,9648,10.47
android-gif-drawable,61,9631,12.63
DanmakuFlameMaster,5,9600,12.1
spinnaker,15,9581,11.21
android-Ultra-Pull-To-Refresh,8,9563,10.84
Mycat-Server,7,9552,10.79
AndroidSlidingUpPanel,8,9497,12.3
cim,9,9443,7.33
PocketHub,1,9380,14.03
cassandra,0,9370,16.33
AgentWeb,21,9351,8.35
EhViewer,97,9338,11.35
CalendarView,1,9315,8.52
JsonPath,10,9299,14.65
spring-security,232,9298,13.69
AndroidNote,0,9293,9.7
testing-samples,0,9277,10.93
android-gpuimage,0,9129,12.95
flyway,268,9106,12.76
VirtualAPK,4,9042,8.22
langchain4j,52,9024,2.25
jmeter,10,9003,15.31
MaterialDesignLibrary,3,8971,10.97
Jetpack-MVVM-Best-Practice,0,8951,5.88
Android_Data,0,8845,10.46
storm,0,8811,14.0
jna,0,8802,14.39
StatusBarUtil,0,8800,9.59
seatunnel,52,8785,8.12
flowable-engine,28,8725,8.93
awesome-java-leetcode,0,8713,8.42
Android-PullToRefresh,0,8687,13.8
checkstyle,169,8676,12.05
karate,54,8665,8.61
Android-SpinKit,0,8663,9.49
shenyu,13,8658,7.19
AndResGuard,4,8624,9.94
react-native-image-picker,142,8591,10.28
Calligraphy,4,8569,11.75
Android-Debug-Database,14,8564,8.84
epoxy,76,8560,9.11
buck,57,8557,12.42
dropwizard,189,8553,14.66
junit4,13,8536,16.68
ysoserial,1,8506,10.64
GoGoGo,8,8499,3.79
tsunami-security-scanner,27,8461,5.29
BottomBar,4,8388,9.51
LSPatch,9,8386,4.55
PojavLauncher,126,8384,5.52
hsweb-framework,30,8382,9.66
AndroidPdfViewer,0,8364,9.29
testcontainers-java,85,8326,10.43
im-server,108,8302,6.65
beam,53,8298,9.62
shardingsphere-elasticjob,30,8210,10.02
pentaho-kettle,1,8173,11.94
baritone,85,8157,7.13
atlas,7,8151,8.55
HMCL,259,8134,10.24
transmittable-thread-local,58,8131,11.93
otter,10,8128,12.11
javacv,13,8123,11.41
MaterialViewPager,11,8113,10.4
aeron,126,8111,11.61
LitePal,0,8102,12.57
UltimateAndroidReference,0,8102,8.44
subsampling-scale-image-view,21,7988,12.06
SimianArmy,4,7987,13.2
iceberg,31,7974,6.83
XPopup,221,7967,6.78
tomcat,0,7951,13.96
hugo,0,7931,11.81
metrics,140,7850,15.56
HomeMirror,0,7846,10.07
react-native-svg,124,7836,9.67
graylog2-server,0,7805,15.34
material-theme-jetbrains,17,7791,9.98
RxLifecycle,22,7693,10.16
MVVMHabit,3,7685,8.16
LeetCode-Book,0,7684,3.75
vjtools,9,7671,7.3
hellocharts-android,14,7660,10.93
Shadow,5,7642,6.26
MyBookshelf,165,7624,7.27
PowerJob,51,7591,5.51
android-classyshark,17,7591,9.93
closure-compiler,0,7570,11.42
AndroidAsync,0,7548,13.07
jimureport,29,7540,5.79
RxJava-Android-Samples,0,7527,11.15
algs4,0,7503,10.05
mapstruct,35,7502,13.31
LeetCode,0,7469,5.69
swagger-core,121,7456,14.2
enso,482,7439,8.75
1brc,0,7432,1.72
VBlog,0,7418,7.73
SpringCloud-Learning,0,7404,9.07
Mapper,8,7370,10.82
ShortcutBadger,0,7354,11.84
RePlugin,19,7340,8.28
MinecraftForge,0,7302,13.63
dagger,0,7301,13.13
gocd,86,7297,11.76
Android-Bootstrap,5,7269,11.88
AntennaPod,62,7254,13.13
sweet-alert-dialog,2,7249,10.91
TakePhoto,15,7243,10.12
xmall,0,7234,8.14
WeChatLuckyMoney,20,7224,9.97
UltimateRecyclerView,9,7202,10.64
DependencyCheck,85,7193,13.04
agera,16,7167,9.75
nanohttpd,3,7163,13.1
KnowStreaming,23,7143,5.5
SmartTabLayout,0,7097,10.59
gnirehtet,12,7088,8.6
ActionBarSherlock,32,7075,14.53
alluxio,61,7069,12.74
Timber,5,7058,10.27
automq,70,7054,2.09
error-prone,58,7040,11.07
elasticsearch-sql,272,7033,11.07
JavaTutorial,1,7029,7.38
rest-assured,0,7025,14.91
netty-socketio,19,6998,13.68
wiremock,51,6981,13.94
DroidPlugin,2,6961,10.06
jvm-sandbox,13,6922,8.13
CompreFace,11,6894,5.2
okhttputils,0,6860,10.09
joyagent-jdgenie,1,6855,0.18
walle,1,6846,8.68
springcloud-learning,0,6839,6.03
rabbitmq-tutorials,0,6806,14.99
junit-framework,97,6793,10.68
java-eight-part,0,6790,4.92
react-native-push-notification,35,6787,9.76
BookReader,0,6783,9.12
angel,19,6776,8.4
spring-ai,3,6748,2.23
haven,37,6724,8.55
AndroidPerformanceMonitor,0,6724,9.67
itstack-demo-design,0,6717,5.33
AndroidProject,17,6716,6.9
AndroidPicker,57,6712,9.91
mybatis-generator-gui,16,6710,9.36
springBoot,0,6702,8.86
AndroidAutoLayout,0,6675,9.83
Leaf,0,6669,6.77
Recaf,170,6654,8.14
storm,5,6653,11.87
AndPermission,0,6644,9.02
hertzbeat,6,6614,3.62
byte-buddy,304,6609,11.81
quartz,5,6607,9.53
Toasty,19,6597,8.66
zeppelin,0,6559,10.48
smali,0,6535,12.98
ansj_seg,3,6530,13.03
jOOQ,105,6521,14.42
AppManager,76,6520,5.3
TV,0,6518,3.24
processing,48,6504,12.65
Android-skin-support,0,6504,8.68
XXPermissions,72,6489,7.26
traccar,63,6460,13.42
Spring-Cloud-Platform,3,6434,8.31
Android-Image-Cropper,32,6425,10.67
RoundedImageView,19,6424,12.57
pig,19,6419,6.06
hazelcast,200,6392,13.49
async-http-client,7,6391,14.53
remusic,0,6359,9.48
vespa,239,6350,9.29
JFoenix,0,6344,10.03
jsonschema2pojo,63,6333,12.24
richeditor-android,0,6331,10.47
micronaut-core,311,6302,7.53
from-java-to-kotlin,0,6293,8.33
ion,0,6274,12.32
wvp-GB28181-pro,1,6271,4.84
config,3,6260,13.78
smile,34,6259,10.83
hibernate-orm,111,6239,14.95
flink-cdc,22,6227,5.14
spring-cloud-examples,0,6225,8.39
gephi,19,6207,13.91
graphql-java,93,6198,10.2
mini-spring,0,6194,4.83
logisim-evolution,31,6194,11.0
IJPay,24,6174,8.38
jetlinks-community,20,6155,5.71
grafika,1,6134,11.75
java-jwt,45,6129,11.53
QR-Code-generator,5,6123,9.43
SwipeBackLayout,0,6123,12.06
incubator-kie-drools,6,6119,14.58
NumberProgressBar,3,6106,11.38
MaterialEditText,19,6099,10.88
iotdb,47,6095,6.81
useful-java-links,0,6061,9.59
GhidraMCP,5,6050,0.49
SoloPi,8,6043,6.51
SpringBootVulExploit,0,6035,5.33
dynamic-load-apk,0,6030,11.47
j2objc,1,6029,11.63
EffectiveAndroidUI,0,6015,11.21
graphhopper,45,6009,13.58
material,10,5988,10.77
physical-web,17,5982,10.97
vavr,19,5975,11.63
kafdrop,50,5971,6.31
robolectric,110,5967,15.06
xUtils3,9,5967,9.89
btrace,33,5957,11.06
ssm,0,5956,9.25
camel,0,5955,16.33
javaparser,55,5943,13.88
springfox,12,5941,13.37
hudi,31,5938,8.76
material-calendarview,22,5925,10.6
google-java-format,35,5922,10.35
androidmvp,0,5918,11.46
pinot,21,5901,11.33
motan,28,5896,9.41
Pixiv-Shaft,114,5893,6.46
zxing-android-embedded,9,5891,12.8
austin,0,5890,3.86
datax-web,5,5889,5.83
hippo4j,18,5885,4.26
blade,9,5878,10.27
spring-ai-alibaba,10,5860,1.02
Fast-Android-Networking,10,5845,9.49
JSqlParser,37,5813,14.24
api-samples,0,5807,11.77
lanproxy,1,5805,8.82
BoomMenu,0,5804,9.5
tcc-transaction,8,5796,9.79
hive,0,5792,16.33
DiscreteScrollView,2,5788,8.54
DiskLruCache,0,5774,13.7
circular-progress-button,3,5772,11.28
AmazeFileManager,66,5764,11.18
Discovery,132,5743,7.24
jeepay,0,5732,8.1
FastHub,63,5727,8.58
InfiniteCycleViewPager,2,5725,9.07
aurora-imui,42,5716,8.76
SwipeRecyclerView,0,5705,9.12
lamp-cloud,0,5688,7.67
springside4,3,5685,13.57
nifi,0,5678,10.77
MusicBot,38,5669,9.09
Blurry,0,5662,10.15
u2020,0,5661,11.84
react-native-splash-screen,12,5660,9.01
HTextView,0,5649,9.75
lettuce,135,5640,11.36
spring-boot-projects,0,5636,8.47
Suwayomi-Server,58,5635,4.73
AndroidImageSlider,5,5617,11.29
janusgraph,28,5616,8.73
linuxdeploy,37,5609,13.07
EdXposed,27,5604,6.66
Android-ZBLibrary,25,5597,10.08
FlowLayout,0,5595,10.06
ShowcaseView,13,5579,13.09
uid-generator,0,5561,8.48
disconf,12,5553,11.3
ListViewAnimations,14,5544,12.5
shattered-pixel-dungeon,52,5501,11.13
AndroidVideoCache,20,5497,10.46
StickyListHeaders,16,5493,13.52
MagicCamera,0,5491,9.69
mosby,15,5476,10.49
jetcache,67,5475,8.43
scribejava,9,5467,15.03
freeline,22,5458,9.12
TapTargetView,24,5456,9.02
novel,12,5456,5.85
barcodescanner,6,5449,11.56
FastBle,9,5447,9.07
wechat,0,5436,10.32
library,0,5432,6.68
rebound,10,5415,11.94
dubbo-spring-boot-project,13,5404,7.66
socket.io-client-java,7,5404,12.39
hbase,47,5391,11.32
sensitive-word,2,5383,5.69
typespec,285,5382,4.22
strimzi-kafka-operator,155,5376,9.37
usb-serial-for-android,33,5376,12.22
android-job,31,5371,10.08
shimmer-android,5,5365,10.55
groovy,0,5363,10.42
spring-data-examples,0,5356,11.63
MifareClassicTool,8,5355,12.59
SystemBarTint,3,5354,11.83
cw-omnibus,36,5349,13.52
android-advancedrecyclerview,1,5335,10.65
thumbnailator,0,5328,10.15
XRecyclerView,0,5319,9.83
OsmAnd,1,5316,14.67
generator,11,5311,12.6
google-authenticator,0,5305,10.94
web3j,119,5303,9.03
gradle-retrolambda,37,5290,12.12
android-lifecycle,0,5271,11.42
sodium,40,5271,5.63
VitamioBundle,0,5268,12.91
springboot-guide,0,5252,6.81
Android-Touch-Helper,112,5247,4.92
QLExpress,18,5246,8.51
okdownload,8,5245,7.75
QAuxiliary,48,5244,3.63
titan,0,5241,13.56
Side-Menu.Android,2,5240,10.68
BasePopup,15,5233,9.67
DKVideoPlayer,32,5229,8.44
TelegramBots,108,5227,9.68
liquibase,103,5226,14.2
twoway-view,0,5223,12.66
smartTable,44,5219,7.86
Geyser,0,5219,6.2
Dexter,33,5215,9.83
pmd,108,5211,13.19
FloatingActionButton,14,5206,10.49
db-tutorial,0,5205,8.11
dddsample-core,0,5201,10.63
picocli,86,5196,8.62
megabasterd,208,5196,8.97
JS-Sorting-Algorithm,0,5186,8.66
views-widgets-samples,0,5160,6.03
easy-rules,10,5152,12.52
ctci,0,5147,12.49
midjourney-proxy,0,5146,2.4
otto,0,5145,13.22
JustTrustMe,1,5143,11.15
reactor-core,212,5139,9.85
bitcoinj,14,5137,11.83
YCSB,55,5136,15.41
lwjgl3,21,5127,12.73
runelite,0,5114,9.38
Digital,35,5112,9.22
fesod,5,5110,0.95
Android-IMSI-Catcher-Detector,48,5099,11.82
shopping-management-system,0,5098,9.84
jpexs-decompiler,172,5088,11.36
spotless,35,5085,10.39
CameraView,42,5083,8.17
Luyten,17,5083,12.19
oshi,165,5079,13.6
sofa-boot,82,5062,7.46
opentsdb,27,5062,15.06
spring-authorization-server,78,5050,5.5
Small,25,5049,9.81
dynamic-datasource,18,5048,7.39
XUI,23,5041,6.69
xpay,0,5039,7.76
killbill,150,5029,12.91
DesignPattern,0,5021,8.91
mapdb,0,5016,13.08
android-common,1,5014,13.25
android-zxingLibrary,0,5013,9.14
wgcloud,29,5011,6.67
GravitySnapHelper,14,5002,9.05
gpmall,0,4999,6.17
armeria,261,4998,9.84
CloudReader,26,4994,8.82
LayoutManagerGroup,0,4992,7.39
dialogplus,9,4987,10.77
spring-mvc-showcase,0,4987,14.29
ignite,0,4984,10.58
aviatorscript,52,4982,14.47
UltraViewPager,10,4977,8.47
joda-time,50,4976,14.34
InstaMaterial,1,4968,10.85
bisq,142,4954,11.52
NavigationTabBar,13,4947,9.47
react-native-linear-gradient,18,4943,10.47
RxJava2-Android-Samples,0,4940,9.06
calcite,0,4938,11.23
spring-cloud-netflix,24,4933,11.19
PeerBanHelper,146,4926,1.61
roncoo-pay,0,4922,9.16
react-native-config,30,4921,9.57
Infinity-For-Reddit,182,4918,7.15
RippleEffect,0,4914,10.93
querydsl,35,4909,14.12
spring-boot-best-practice,0,4909,6.86
folding-cell-android,0,4901,9.46
java-faker,0,4899,14.29
cglib,15,4876,11.47
orientdb,225,4874,12.77
rstudio,0,4866,14.78
react-native-webrtc,81,4862,9.97
reactive-streams-jvm,0,4860,11.55
poi-tl,14,4859,10.5
allure2,80,4859,9.31
small-spring,0,4852,4.34
android,262,4850,9.28
packer-ng-plugin,1,4826,9.82
Transitions-Everywhere,23,4805,10.92
lucida,0,4800,11.35
mockserver,0,4794,12.56
openai-java,22,4788,5.01
Android-ConvenientBanner,0,4771,10.74
reflections,3,4768,12.42
maven,26,4766,16.33
mybatis,0,4765,10.87
AndroidStaggeredGrid,7,4751,11.77
SwitchButton,0,4747,11.02
android-tips-tricks,0,4745,9.06
spring-cloud-gateway,36,4741,8.84
FirebaseUI-Android,66,4734,10.19
baseAdapter,0,4720,10.13
cameraview,0,4719,9.12
blog_demos,0,4715,8.44
Spring-Boot-In-Action,0,4715,6.64
micrometer,273,4710,8.44
spring-security-oauth,0,4703,14.15
microservices-platform,30,4703,6.53
chuck,5,4700,8.61
ActiveAndroid,0,4677,12.84
markor,76,4673,8.06
ForestBlog,0,4670,7.94
esProc,0,4670,3.85
libsvm,0,4660,12.02
JSON-java,24,4660,14.74
MaterialDateTimePicker,54,4657,10.7
Telegram-X,5,4647,4.08
SpringBoot-Shiro-Vue,0,4646,7.83
cardslib,27,4644,11.99
djl,35,4642,5.89
javacpp,13,4640,11.41
PageIndicatorView,14,4638,9.08
opengrok,293,4634,12.69
oblivion,12,4620,1.61
AutoJs6,20,4618,3.79
ribbon,41,4618,12.67
--,0,4617,5.25
rocketmq-externals,0,4608,8.51
crawler4j,3,4604,13.71
JAViewer,10,4604,9.33
ipscan,31,4590,14.22
concurrent,0,4588,6.87
GCViewer,5,4588,13.9
simplify,9,4585,11.67
revanced-patches,673,4583,1.76
dynamic-tp,19,4579,3.69
quasar,18,4578,12.48
WePush,58,4578,8.24
SimplifyReader,0,4566,10.09
JGrowing,0,4564,6.56
Douya,11,4558,9.63
GDA-android-reversing-Tool,40,4557,7.88
objectbox-java,48,4556,8.65
JDA,111,4556,9.77
go-lang-idea-plugin,21,4549,15.05
sqlbrite,9,4546,10.58
Depth-LIB-Android-,0,4543,9.39
android-crop,6,4536,11.52
AndroidHttpCapture,1,4534,8.92
unidbg,15,4532,6.56
booklore,91,4532,0.76
dexposed,0,4531,10.22
AndroidTutorialForBeginners,0,4531,8.97
Ant-Media-Server,64,4520,8.55
SmoothProgressBar,9,4520,11.81
bottomsheet,10,4517,10.4
epic,5,4517,8.33
azkaban,48,4515,12.92
java-algorithms-implementation,0,4511,11.82
bilibili-android-client,1,4492,9.3
MallChat,0,4490,2.51
NineOldAndroids,0,4477,13.78
Robust,13,4458,8.51
h2database,23,4449,10.44
aurora,0,4447,3.08
android-mvp-architecture,0,4445,8.64
android-times-square,0,4438,12.63
moco,1,4427,12.91
flink-recommandSystem-demo,0,4423,6.34
GT,3,4414,9.68
jacoco,49,4411,13.19
DeepLinkDispatch,24,4407,10.27
IoT-Technical-Guide,0,4405,6.46
Gadgetbridge,0,4404,10.7
shiro,14,4403,16.05
ticker,9,4389,9.17
flutter-webrtc,133,4376,7.53
BottomNavigation,16,4364,9.5
leet-code,0,4360,10.4
serve,24,4349,5.96
frontend-maven-plugin,0,4322,12.05
grobid,22,4318,13.01
LSPosed_mod,10,4314,3.47
ImagePicker,5,4313,9.64
BGARefreshLayout-Android,4,4308,10.31
crate,139,4297,12.44
dragonwell8,42,4286,6.54
guide-rpc-framework,0,4284,5.36
OpenHub,31,4281,8.19
android-volley,0,4278,12.33
InternetArchitect,0,4274,5.91
failsafe,0,4273,10.22
java-learning,0,4272,9.6
CircleIndicator,7,4270,11.13
coursera-android,0,4264,11.7
android-autofittextview,1,4260,14.59
jitsi,7,4260,12.4
novel-plus,34,4259,5.38
open-location-code,5,4250,10.97
camunda-bpm-platform,0,4241,12.7
zotfile,33,4239,13.72
java-developer-roadmap,0,4228,6.4
spring-boot-starter,32,4217,9.98
javassist,24,4215,12.32
ShineButton,2,4214,9.2
dolby_beta,37,4211,5.33
malmo,21,4201,9.34
streampark,15,4200,6.31
FloatWindow,9,4197,7.84
CoordinatorTabLayout,0,4197,8.64
tx-lcn,14,4196,7.85
powermock,16,4191,11.31
JKeyboardPanelSwitch,14,4190,10.21
supersonic,15,4188,2.27
maxwell,214,4186,10.6
aws-sdk-java,0,4178,15.49
BGABanner-Android,0,4178,10.9
campus-imaotai,11,4158,2.2
fastjson2,58,4153,3.42
AndroidWiFiADB,8,4148,9.92
hmily,0,4143,7.97
geoserver,62,4137,13.85
AndroRAT,0,4127,5.49
LoadingDrawable,0,4116,9.42
Tangram-Android,38,4107,8.47
SmartCropper,13,4093,8.12
chunjun,30,4085,7.46
ExpandableTextView,4,4084,11.34
bistoury,8,4083,6.13
tiny-spring,0,4081,11.69
so-novel,46,4074,3.32
ViewPagerCards,0,4073,9.08
jodd,37,4072,13.03
CC,0,4045,7.82
greys-anatomy,0,4026,12.82
jmonkeyengine,76,4023,11.5
XCL-Charts,0,4020,11.27
jabref,45,4019,11.52
Bolts-Android,11,4011,11.63
OpenPDF,83,4007,9.19
TwinklingRefreshLayout,0,4002,9.54
XChange,0,4001,13.62
jetty.project,132,4000,14.18
Phoenix,1,3999,10.68
effective-java-3e-source-code,0,3998,7.12
bitcoin-wallet,0,3992,13.46
FloatingActionButton,0,3992,11.16
BigImageViewer,0,3987,8.86
pdfsam,66,3981,11.98
hawk,22,3980,10.58
tech-weekly,0,3979,6.79
BadgeView,5,3978,8.61
lilishop,3,3971,4.35
ShedLock,0,3970,8.77
LiveEventBus,0,3968,7.19
syncthing-android,332,3965,11.57
RichText,0,3961,10.16
awaitility,0,3960,15.65
ripme,143,3959,8.7
XposedInstaller,0,3958,13.46
interviewGuide,0,3958,9.41
Leetcode,0,3956,9.13
GuideView,0,3953,9.25
mlkit,1,3953,5.31
mcaselector,72,3951,7.41
java-tron,80,3950,7.73
android-iconify,0,3943,12.27
DataMiningAlgorithm,0,3928,10.69
RxJavaSamples,3,3927,9.48
screw,0,3922,5.24
cyberduck,0,3919,8.66
FlatLaf,87,3919,6.08
TinyPinyin,2,3916,9.97
Conductor,36,3908,9.51
HyperCeiler,7,3908,1.89
leetcode-editor,55,3901,6.5
learning-spark,0,3896,11.26
sofa-rpc,63,3896,7.44
BackgroundLibrary,13,3893,7.02
jstorm,22,3891,12.04
xboot,6,3888,7.4
IDDD_Samples,0,3886,12.44
Launcher3,22,3885,8.3
Timeline-View,15,3884,9.76
FairEmail,1000,3879,7.13
DSBridge-Android,2,3856,8.71
NullAway,31,3850,8.04
java,55,3837,8.36
ruoyi-ai,6,3836,1.67
ahbottomnavigation,14,3829,9.5
bundletool,63,3829,7.37
MaterialSearchView,6,3824,10.01
react-native-share,139,3822,9.97
AndServer,1,3819,9.26
jshERP,6,3818,8.99
HeliBoard,50,3817,3.53
My-Blog,0,3815,6.54
CircleProgress,0,3815,10.88
camunda,469,3801,9.49
BlurView,31,3801,9.41
HaE,77,3797,5.48
shopizer,18,3796,12.82
MarqueeView,0,3792,9.3
fernflower,0,3784,10.96
mpush,9,3778,9.39
pixel-dungeon,0,3778,11.15
SwipeDelMenuLayout,2,3773,9.06
SuperTextView,39,3772,8.91
blurkit-android,3,3767,8.86
Terasology,70,3759,14.54
CustomActivityOnCrash,12,3754,11.21
roboguice,0,3752,13.1
sticky-headers-recyclerview,0,3751,10.96
BannerViewPager,59,3750,8.47
signal-cli,103,3749,10.35
kylin,2,3748,10.7
sofa-jraft,32,3744,6.54
andOTP,38,3742,8.2
RoaringBitmap,39,3740,12.25
spotbugs,71,3738,8.87
JCTools,18,3730,11.85
Skeleton,0,3725,8.13
atmosphere,0,3719,15.22
spruce-android,3,3718,8.56
ByteLegend,0,3716,4.62
ChatKit,1,3715,8.62
StylishMusicPlayer,0,3707,9.01
Play-with-Algorithms,0,3706,9.2
BilibiliDown,80,3704,6.65
SurveyKing,3,3703,4.03
NoHttp,0,3702,10.14
learning-note,0,3701,5.26
undertow,9,3696,13.17
tablesaw,79,3691,9.71
Create,0,3689,6.17
helidon,131,3679,7.06
ShadowLayout,28,3678,6.19
yacy_search_server,0,3675,10.49
ASimpleCache,0,3675,12.14
Android-BluetoothKit,0,3673,9.94
light-4j,192,3672,9.02
groupie,28,3671,9.04
grpc-spring,34,3670,8.71
rejoiner,3,3670,7.78
JavaSourceCodeLearning,0,3668,5.29
Linkage-RecyclerView,0,3667,6.41
databus,0,3667,12.75
akhq,42,3654,7.02
chatgpt-java,24,3644,2.78
android-common,0,3642,11.3
ftgo-application,0,3628,7.9
NewbieGuide,20,3622,8.14
incubator-heron,56,3621,9.98
jackson-databind,0,3620,13.74
uncle-novel,1,3615,6.77
blossom,19,3613,2.12
emojicon,2,3613,11.66
Alink,22,3609,6.97
spock,26,3608,14.77
brigadier,3,3601,11.01
initializr,17,3598,12.28
ExplosionField,0,3592,9.98
marshalsec,0,3592,8.32
data-transfer-project,61,3591,7.7
android-stackblur,0,3591,12.09
vertx-examples,0,3583,10.56
DropDownMenu,2,3582,10.24
AppUpdate,3,3579,8.25
Android,0,3578,12.04
android-maps-utils,57,3577,12.34
Chronicle-Queue,534,3575,12.29
Iris,140,3574,4.9
ThreeTenABP,0,3571,10.21
FlexibleAdapter,30,3570,10.38
dinky,31,3569,4.27
kubernetes-client,124,3567,10.19
netty-learning,0,3558,12.0
hackpad,0,3555,10.1
MagicaSakura,3,3554,9.23
springdoc-openapi,96,3544,6.19
parceler,0,3544,12.21
Java,0,3540,8.77
android-hidden-api,2,3535,10.0
libstreaming,0,3535,12.63
floatingsearchview,0,3534,9.82
MyPerf4J,23,3534,7.52
retrolambda,0,3531,12.16
spring-cloud-kubernetes,32,3522,8.76
logging-log4j2,15,3522,12.27
Music-Player,2,3521,9.37
maestro,0,3520,1.42
RxAndroidBle,60,3517,9.62
immutables,15,3517,12.2
smart-admin,22,3516,5.84
RecyclerViewPager,10,3515,10.67
Store,0,3512,8.8
SwipeMenuListView,2,3504,11.07
GeekNews,0,3504,9.11
android,33,3503,10.95
liteflow,0,3501,5.48
JavaEETest,0,3498,8.76
ArchUnit,43,3494,8.41
LoadSir,6,3492,8.04
AxonFramework,136,3490,13.79
BottomNavigationViewEx,19,3476,8.85
migration,0,3464,5.69
freeplane,14,3463,13.01
Sui,21,3463,4.7
openj9,53,3460,8.06
PreviewSeekBar,10,3459,8.65
chatgpt-java,10,3457,2.6
concurrency-limits,102,3457,7.77
QNotified,28,3456,6.49
Android-Week-View,4,3449,11.0
fory,49,3449,2.39
SSM,10,3440,9.24
sndcpy,2,3436,5.27
AlgoDS,0,3433,8.75
giffun,0,3431,6.64
SeeWeather,2,3426,9.57
my-site,0,3426,7.38
BubbleSeekBar,12,3422,8.87
LQRWeChat,0,3420,8.61
Toaster,37,3417,7.0
volley,9,3415,8.65
incubator-kie-optaplanner,6,3414,14.59
